<?xml version="1.0" encoding="UTF-8"?>
<project-private xmlns="http://www.netbeans.org/ns/project-private/1">
    <editor-bookmarks xmlns="http://www.netbeans.org/ns/editor-bookmarks/2" lastBookmarkId="0"/>
    <open-files xmlns="http://www.netbeans.org/ns/projectui-open-files/2">
        <group>
            <file>file:/C:/Users/Tanzeel/Documents/NetBeansProjects/ATM_Machine/src/ATM/BalanceInquiry.java</file>
            <file>file:/C:/Users/Tanzeel/Documents/NetBeansProjects/ATM_Machine/src/ATM/ATM.java</file>
            <file>file:/C:/Users/Tanzeel/Documents/NetBeansProjects/ATM_Machine/src/Hardware/Screen.java</file>
            <file>file:/C:/Users/Tanzeel/Documents/NetBeansProjects/ATM_Machine/src/ATM/Deposit.java</file>
            <file>file:/C:/Users/Tanzeel/Documents/NetBeansProjects/ATM_Machine/src/Banking/Account.java</file>
            <file>file:/C:/Users/Tanzeel/Documents/NetBeansProjects/ATM_Machine/src/Hardware/CashDispenser.java</file>
            <file>file:/C:/Users/Tanzeel/Documents/NetBeansProjects/ATM_Machine/src/ATM/Transaction.java</file>
            <file>file:/C:/Users/Tanzeel/Documents/NetBeansProjects/ATM_Machine/src/Banking/BankDatabase.java</file>
            <file>file:/C:/Users/Tanzeel/Documents/NetBeansProjects/ATM_Machine/src/Hardware/Keypad.java</file>
            <file>file:/C:/Users/Tanzeel/Documents/NetBeansProjects/ATM_Machine/src/Hardware/DepositSlot.java</file>
            <file>file:/C:/Users/Tanzeel/Documents/NetBeansProjects/ATM_Machine/src/Main.java</file>
            <file>file:/C:/Users/Tanzeel/Documents/NetBeansProjects/ATM_Machine/src/ATM/Withdrawal.java</file>
        </group>
    </open-files>
</project-private>
